{"cameraMode":{"drawMode":0,"name":"Shaded","section":"Shading Mode"},"sceneLighting":false,"audioPlay":false,"sceneViewState":{"showFog":true,"showMaterialUpdate":false,"showSkybox":true,"showFlares":true,"showImageEffects":true,"showParticleSystems":true},"in2DMode":false,"pivot":{"x":521.3432006835938,"y":236.37184143066407,"z":3.1815643310546877},"rotation":{"x":-0.008375746197998524,"y":-0.05936773121356964,"z":-0.0004984742263332009,"w":0.9982033967971802},"size":266.14642333984377,"orthographic":false}