{"cameraMode":{"drawMode":0,"name":"Shaded","section":"Shading Mode"},"sceneLighting":false,"audioPlay":false,"sceneViewState":{"showFog":true,"showMaterialUpdate":false,"showSkybox":true,"showFlares":true,"showImageEffects":true,"showParticleSystems":true},"in2DMode":false,"pivot":{"x":-8.288473129272461,"y":9.77614974975586,"z":-105.53746795654297},"rotation":{"x":0.0013737031258642674,"y":0.9986094236373901,"z":0.03415612131357193,"w":-0.0401645191013813},"size":2.4127297401428224,"orthographic":false}