{"cameraMode":{"drawMode":0,"name":"Shaded","section":"Shading Mode"},"sceneLighting":false,"audioPlay":false,"sceneViewState":{"showFog":true,"showMaterialUpdate":false,"showSkybox":false,"showFlares":true,"showImageEffects":true,"showParticleSystems":true},"in2DMode":false,"pivot":{"x":-0.13499343395233155,"y":0.2100965976715088,"z":0.011604070663452149},"rotation":{"x":-0.005255607422441244,"y":0.9878926873207092,"z":-0.03319595009088516,"w":-0.1520179659128189},"size":0.7080084681510925,"orthographic":false}