{"cameraMode":{"drawMode":0,"name":"Shaded","section":"Shading Mode"},"sceneLighting":false,"audioPlay":false,"sceneViewState":{"showFog":true,"showMaterialUpdate":false,"showSkybox":false,"showFlares":true,"showImageEffects":true,"showParticleSystems":true},"in2DMode":false,"pivot":{"x":-2.690000057220459,"y":1.590000033378601,"z":-0.6600000262260437},"rotation":{"x":0.008939794264733792,"y":0.9783187508583069,"z":0.043773408979177478,"w":-0.20269198715686799},"size":0.30001741647720339,"orthographic":false}