{"cameraMode":{"drawMode":0,"name":"Shaded","section":"Shading Mode"},"sceneLighting":true,"audioPlay":false,"sceneViewState":{"showFog":true,"showMaterialUpdate":false,"showSkybox":false,"showFlares":true,"showImageEffects":true,"showParticleSystems":true},"in2DMode":false,"pivot":{"x":10.863191604614258,"y":0.6489999890327454,"z":-14.630000114440918},"rotation":{"x":-0.3658839166164398,"y":0.1548103243112564,"z":-0.06172903627157211,"w":-0.9157096743583679},"size":0.6116299033164978,"orthographic":false}