{"cameraMode":{"drawMode":0,"name":"Shaded","section":"Shading Mode"},"sceneLighting":false,"audioPlay":false,"sceneViewState":{"showFog":true,"showMaterialUpdate":false,"showSkybox":false,"showFlares":true,"showImageEffects":true,"showParticleSystems":true},"in2DMode":false,"pivot":{"x":12.399999618530274,"y":2.8814687728881838,"z":-9.319313049316407},"rotation":{"x":-0.13648653030395509,"y":-0.7619681358337402,"z":0.17092515528202058,"w":-0.609590470790863},"size":2.5115737915039064,"orthographic":false}