{"cameraMode":{"drawMode":0,"name":"Shaded","section":"Shading Mode"},"sceneLighting":false,"audioPlay":false,"sceneViewState":{"showFog":true,"showMaterialUpdate":false,"showSkybox":false,"showFlares":true,"showImageEffects":true,"showParticleSystems":true,"showVisualEffectGraphs":true,"m_FxEnabled":true},"in2DMode":false,"pivot":{"x":-21.212392807006837,"y":-11.976655006408692,"z":16.475194931030275},"rotation":{"x":-0.059314507991075519,"y":-0.10938761383295059,"z":0.006539642810821533,"w":-0.9922100305557251},"size":5.896625995635986,"orthographic":false}