{"cameraMode":{"drawMode":0,"name":"Shaded","section":"Shading Mode"},"sceneLighting":false,"audioPlay":false,"sceneViewState":{"showFog":true,"showMaterialUpdate":false,"showSkybox":false,"showFlares":true,"showImageEffects":true,"showParticleSystems":true,"showVisualEffectGraphs":true,"m_FxEnabled":true},"in2DMode":false,"pivot":{"x":4.329999923706055,"y":-4.783183574676514,"z":0.15199998021125794},"rotation":{"x":-0.09882131218910217,"y":-0.036989130079746249,"z":0.0031636750791221859,"w":-0.9946054220199585},"size":0.29560914635658266,"orthographic":false}