{"cameraMode":{"drawMode":0,"name":"Shaded","section":"Shading Mode"},"sceneLighting":false,"audioPlay":false,"sceneViewState":{"showFog":true,"showMaterialUpdate":false,"showSkybox":true,"showFlares":true,"showImageEffects":true,"showParticleSystems":true},"in2DMode":false,"pivot":{"x":7.739467144012451,"y":-1.9297045469284058,"z":1.8011565208435059},"rotation":{"x":0.005125672556459904,"y":0.9906934499740601,"z":-0.1303364634513855,"w":0.038955215364694598},"size":0.8660253882408142,"orthographic":false}