{"cameraMode":{"drawMode":0,"name":"Shaded","section":"Shading Mode"},"sceneLighting":true,"audioPlay":false,"sceneViewState":{"showFog":true,"showMaterialUpdate":false,"showSkybox":true,"showFlares":true,"showImageEffects":true,"showParticleSystems":true},"in2DMode":false,"pivot":{"x":18.82358169555664,"y":-3.023495674133301,"z":7.322378158569336},"rotation":{"x":-0.38375094532966616,"y":0.11590804904699326,"z":-0.04575909301638603,"w":-0.9155239462852478},"size":27.942424774169923,"orthographic":false}