{"cameraMode":{"drawMode":0,"name":"Shaded","section":"Shading Mode"},"sceneLighting":true,"audioPlay":false,"sceneViewState":{"showFog":true,"showMaterialUpdate":false,"showSkybox":false,"showFlares":true,"showImageEffects":true,"showParticleSystems":true},"in2DMode":false,"pivot":{"x":-0.2096334844827652,"y":-0.014851309359073639,"z":0.022432833909988405},"rotation":{"x":0.008590822108089924,"y":0.9726948738098145,"z":-0.22909404337406159,"w":0.03649435564875603},"size":-0.20501267910003663,"orthographic":false}