{"cameraMode":{"drawMode":0,"name":"Shaded","section":"Shading Mode"},"sceneLighting":true,"audioPlay":false,"sceneViewState":{"showFog":true,"showMaterialUpdate":false,"showSkybox":true,"showFlares":true,"showImageEffects":true,"showParticleSystems":true,"showVisualEffectGraphs":true,"m_FxEnabled":true},"in2DMode":false,"pivot":{"x":-0.16663354635238648,"y":1.3125144243240357,"z":0.5634783506393433},"rotation":{"x":-0.03768962249159813,"y":0.9088515043258667,"z":-0.08423390239477158,"w":-0.4068492352962494},"size":1.6986851692199708,"orthographic":false}