{"cameraMode":{"drawMode":0,"name":"Shaded","section":"Shading Mode"},"sceneLighting":false,"audioPlay":false,"sceneViewState":{"showFog":true,"showMaterialUpdate":false,"showSkybox":false,"showFlares":true,"showImageEffects":true,"showParticleSystems":true,"showVisualEffectGraphs":true,"m_FxEnabled":true},"in2DMode":false,"pivot":{"x":1.4800000190734864,"y":-1.2599999904632569,"z":1.1299999952316285},"rotation":{"x":-0.0037659371737390758,"y":0.9838142991065979,"z":-0.02067125402390957,"w":-0.17869484424591065},"size":0.2977966368198395,"orthographic":false}