{"cameraMode":{"drawMode":0,"name":"Shaded","section":"Shading Mode"},"sceneLighting":true,"audioPlay":false,"sceneViewState":{"showFog":true,"showMaterialUpdate":false,"showSkybox":true,"showFlares":true,"showImageEffects":true,"showParticleSystems":true,"showVisualEffectGraphs":true,"m_FxEnabled":true},"in2DMode":false,"pivot":{"x":0.18477344512939454,"y":6.377598762512207,"z":-0.15548032522201539},"rotation":{"x":0.15376614034175874,"y":-0.45244941115379336,"z":-0.07952667027711868,"w":-0.8748274445533752},"size":1.1396725177764893,"orthographic":false}