{"cameraMode":{"drawMode":0,"name":"Shaded","section":"Shading Mode"},"sceneLighting":true,"audioPlay":false,"sceneViewState":{"showFog":true,"showMaterialUpdate":false,"showSkybox":true,"showFlares":true,"showImageEffects":true,"showParticleSystems":true},"in2DMode":false,"pivot":{"x":-7.763609886169434,"y":0.7120566964149475,"z":1.703229308128357},"rotation":{"x":-0.01631464622914791,"y":0.5854060649871826,"z":-0.011756129562854767,"w":-0.8105150461196899},"size":5.631706237792969,"orthographic":false}