{"cameraMode":{"drawMode":0,"name":"Shaded","section":"Shading Mode"},"sceneLighting":false,"audioPlay":false,"sceneViewState":{"showFog":true,"showMaterialUpdate":false,"showSkybox":false,"showFlares":true,"showImageEffects":true,"showParticleSystems":true,"showVisualEffectGraphs":true,"m_FxEnabled":true},"in2DMode":false,"pivot":{"x":-0.9142265319824219,"y":0.3977740406990051,"z":1.1704480648040772},"rotation":{"x":0.010639064945280552,"y":-0.5893638134002686,"z":0.007830394431948662,"w":0.8078262209892273},"size":2.6606907844543459,"orthographic":false}