{"cameraMode":{"drawMode":0,"name":"Shaded","section":"Shading Mode"},"sceneLighting":false,"audioPlay":false,"sceneViewState":{"showFog":true,"showMaterialUpdate":false,"showSkybox":true,"showFlares":true,"showImageEffects":true,"showParticleSystems":true},"in2DMode":false,"pivot":{"x":868.6995849609375,"y":192.37579345703126,"z":4.398468017578125},"rotation":{"x":-0.10929104685783386,"y":0.003873214591294527,"z":-0.0004227963217999786,"w":-0.9940093159675598},"size":1248.0633544921875,"orthographic":false}