{"cameraMode":{"drawMode":0,"name":"Shaded","section":"Shading Mode"},"sceneLighting":false,"audioPlay":false,"sceneViewState":{"showFog":true,"showMaterialUpdate":false,"showSkybox":false,"showFlares":true,"showImageEffects":true,"showParticleSystems":true},"in2DMode":false,"pivot":{"x":-0.8352788686752319,"y":2.2848899364471437,"z":-2.3721957206726076},"rotation":{"x":0.04946732148528099,"y":0.030852142721414567,"z":-0.0015187804820016027,"w":0.9983174800872803},"size":0.3073950409889221,"orthographic":false}