{"cameraMode":{"drawMode":0,"name":"Shaded","section":"Shading Mode"},"sceneLighting":false,"audioPlay":false,"sceneViewState":{"showFog":true,"showMaterialUpdate":false,"showSkybox":true,"showFlares":true,"showImageEffects":true,"showParticleSystems":true},"in2DMode":false,"pivot":{"x":599.072509765625,"y":509.33355712890627,"z":17.330928802490236},"rotation":{"x":0.1998993456363678,"y":0.02381298318505287,"z":-0.004802999086678028,"w":0.9795368909835815},"size":345.9491882324219,"orthographic":false}