{"cameraMode":{"drawMode":0,"name":"Shaded","section":"Shading Mode"},"sceneLighting":false,"audioPlay":false,"sceneViewState":{"showFog":true,"showMaterialUpdate":false,"showSkybox":false,"showFlares":true,"showImageEffects":true,"showParticleSystems":true},"in2DMode":false,"pivot":{"x":3.0112054347991945,"y":0.8999999165534973,"z":-5.358691215515137},"rotation":{"x":0.32031428813934328,"y":0.444778174161911,"z":-0.174213245511055,"w":0.8181257247924805},"size":1.6739915609359742,"orthographic":false}