{"cameraMode":{"drawMode":0,"name":"Shaded","section":"Shading Mode"},"sceneLighting":false,"audioPlay":false,"sceneViewState":{"showFog":true,"showMaterialUpdate":false,"showSkybox":false,"showFlares":true,"showImageEffects":true,"showParticleSystems":true},"in2DMode":false,"pivot":{"x":2.8468174934387209,"y":1.407690167427063,"z":-4.924056529998779},"rotation":{"x":-0.0004287731135264039,"y":0.9947657585144043,"z":-0.1021309420466423,"w":-0.0041771577671170239},"size":1.073962688446045,"orthographic":false}