{"cameraMode":{"drawMode":0,"name":"Shaded","section":"Shading Mode"},"sceneLighting":false,"audioPlay":false,"sceneViewState":{"showFog":true,"showMaterialUpdate":false,"showSkybox":true,"showFlares":true,"showImageEffects":true,"showParticleSystems":true},"in2DMode":false,"pivot":{"x":-5.305999755859375,"y":2.0879998207092287,"z":-50.198997497558597},"rotation":{"x":-0.010532556101679802,"y":0.978175163269043,"z":-0.202053502202034,"w":-0.04960944876074791},"size":3.3073947429656984,"orthographic":false}