{"cameraMode":{"drawMode":0,"name":"Shaded","section":"Shading Mode"},"sceneLighting":false,"audioPlay":false,"sceneViewState":{"showFog":true,"showMaterialUpdate":false,"showSkybox":false,"showFlares":true,"showImageEffects":true,"showParticleSystems":true,"showVisualEffectGraphs":true,"m_FxEnabled":true},"in2DMode":false,"pivot":{"x":-0.019999995827674867,"y":1.3600000143051148,"z":0.5289999842643738},"rotation":{"x":-0.17360758781433106,"y":-0.06642424315214157,"z":-0.01173030212521553,"w":0.9825181365013123},"size":1.3894529342651368,"orthographic":false}