{"cameraMode":{"drawMode":0,"name":"Shaded","section":"Shading Mode"},"sceneLighting":false,"audioPlay":false,"sceneViewState":{"showFog":true,"showMaterialUpdate":false,"showSkybox":true,"showFlares":true,"showImageEffects":true,"showParticleSystems":true},"in2DMode":false,"pivot":{"x":4.191918849945068,"y":0.3902491331100464,"z":-5.514114856719971},"rotation":{"x":-0.23005864024162293,"y":0.5077633261680603,"z":-0.14282716810703278,"w":-0.8178439736366272},"size":1.3066651821136475,"orthographic":false}