{"cameraMode":{"drawMode":0,"name":"Shaded","section":"Shading Mode"},"sceneLighting":false,"audioPlay":false,"sceneViewState":{"showFog":true,"showMaterialUpdate":false,"showSkybox":false,"showFlares":true,"showImageEffects":true,"showParticleSystems":true,"showVisualEffectGraphs":true,"m_FxEnabled":true},"in2DMode":false,"pivot":{"x":2.2133066654205324,"y":0.8793302774429321,"z":0.5982687473297119},"rotation":{"x":-0.02679050900042057,"y":0.9706113338470459,"z":-0.20232781767845155,"w":-0.12855057418346406},"size":1.2937297821044922,"orthographic":false}