{"cameraMode":{"drawMode":0,"name":"Shaded","section":"Shading Mode"},"sceneLighting":false,"audioPlay":false,"sceneViewState":{"showFog":true,"showMaterialUpdate":false,"showSkybox":false,"showFlares":true,"showImageEffects":true,"showParticleSystems":true,"showVisualEffectGraphs":true,"m_FxEnabled":true},"in2DMode":false,"pivot":{"x":-14.556480407714844,"y":-8.104765892028809,"z":4.118368148803711},"rotation":{"x":-0.04727273806929588,"y":-0.13206449151039124,"z":0.0063052247278392319,"w":-0.9900949597358704},"size":0.15681540966033936,"orthographic":false}